Model_Type,MSE,MAE,MAPE,Length
Temporal-Fusion-Transformer,0.06844328582332349,0.04767658281221167,0.2857893254103685,724
